DROP FUNCTION ticketSales IF EXISTS;
--CREATE FUNCTION ticketSales (p_id INTEGER) RETURNS INTEGER READS SQL DATA BEGIN ATOMIC DECLARE counter INTEGER DEFAULT 0; DECLARE s_ID INTEGER; FOR SELECT ID FROM SHOW WHERE performance_id = p_id DO SET s_ID = ID; SET counter = counter + (SELECT count(*) FROM TICKET t WHERE t.SHOW_ID = s_ID); SET counter = counter + (SELECT count(*) FROM TICKET t INNER JOIN SEAT s on TICKET_ID = t.ID INNER JOIN ROW r on s.ROW_ID = r.ID WHERE t.SHOW_ID = s_ID OR r.SHOW_ID = s_ID); END FOR; RETURN counter; END;
INSERT INTO news(id, submittedon, title, newstext) VALUES (1, '2013-06-18 00:00:00.000', 'Gov’t Mule', 'Southern Rock vom Feinsten erwartet die Besucher des Wiener W.U.K. am Freitag, 12. Juli, wenn sich Ausnahme-Songwriter und –Slidegitarrist Warren Haynes mit seiner Band Gov’t Mule die Ehre gibt.');
INSERT INTO news(id, submittedon, title, newstext) VALUES (2, '2013-06-18 00:00:00.000', 'La Bohème', 'Giacomo Puccinis Meisterwerk im Roemersteinbruch! Mit "La Bohème" bringen die Opernfestspiele St. Margarethen vom 10. Juli bis 25. August 2013 ein berauschendes Operndrama auf die Buehne.');
INSERT INTO news(id, submittedon, title, newstext) VALUES (3, '2013-06-30 00:00:00.000', 'Leben ohne Muell', 'Ein Leben ohne Muell? Dorothea Kocsis hat diesen Versuch erfolgreich realisiert – durch Vermeiden, Wiederverwenden und Recyceln konnte sie alles, was in ihrem Fuenf-Personen-Haushalt an Muell anfaellt, schrittweise reduzieren. Mit geaendertem Einkaufsverhalten schlaegt sie dem Konsumwahn ein Schnippchen und gewinnt vor allem eines: Zeit und Energie. Frei nach dem Motto: Der Einkaufsweg ist das Ziel, slow shopping – slow-littering – slow-living!');
INSERT INTO news(id, submittedon, title, newstext) VALUES (4, '2013-06-30 00:00:00.000', 'Gironcoli: Context', 'Die Schau im Belvedere wird keine herkoemmliche Retrospektive sein, sondern das Werk Bruno Gironcolis erstmalig in ein Netzwerk von Beziehungen zu klassischen wie zu wichtigen zeitgenoessischen Positionen stellen.');
INSERT INTO news(id, submittedon, title, newstext) VALUES (5, '2013-07-05 00:00:00.000', 'Toni Innauer - Am Puls des Erfolgs und kritische Punkte', 'Toni Innauer liest aus seinen beiden Bestsellern und erzaehlt brandaktuelle und nostalgisch humorvolle Episoden aus der jahrzehntelang erfolgreichen Kultur des oesterreichischen Skisprungsports. Die Superadler und ihre Vorgaenger sind der fliegende Beweis dafuer, dass man mit den Weltbesten mithalten kann, wenn der "Spirit auf excellence" gelebt wird und faire Spielregeln bewusst gepflegt werden. Der Spitzensport spiegelt aber auch gnadenlos die belastenden Entwicklungen, die wir alle im Wirtschafts- und Berufsleben erfahren, wenn beim Kampf um Erfolg und Marktanteile das gesunde Augenmass verloren geht und Gier die Oberhand gewinnt.');
INSERT INTO news(id, submittedon, title, newstext) VALUES (6, '2013-07-08 00:00:00.000', 'Ein Sommernachtstraum', 'Die romantischen Gaerten von Schloss Poetzleinsdorf werden fuer Shakespeares vielleicht beste Komoedie zu den Waeldern rund um Athen. Das Stueck verfolgt die abenteuerlichen Erlebnisse vier junger Liebender, die nachts aus dem engen Korsett des Athener Hoflebens in die Freiheit der Waelder ausbrechen. Doch der Wald ist auch Heimat der Feenkoenigin Titania, ihrem Gemahl Oberon und seinem treuem Begleiter Puck. Die Feenwelt ist nach einem Streit zwischen Oberon und Titania aus den Fugen geraten und als sich zu den mythischen Elfen die Liebenden und schliesslich auch noch eine Gruppe Amateurschauspieler gesellen, ist das Chaos perfekt.');
INSERT INTO news(id, submittedon, title, newstext) VALUES (7, '2013-07-08 00:00:00.000', 'Elfie Semotan', 'Die Grenzen zwischen Werbefotografie und kuenstlerischer Fotografie sind in der Arbeit von Elfie Semotan, die Kuenstler wie Martin Kippenberger inspirierte, fliessend. Dass von Elfie Semotan daher nicht als Modefotografin im klassischen Sinne gesprochen werden kann, fuehrt die Schau eindrucksvoll vor Augen. Elfie Semotan (*1941), die Grande Dame der oesterreichischen Fotografie, arbeitete nach ihrer Ausbildung als Modedesignerin jahrelang als Modell, bevor sie Ende der 1960er-Jahre hinter die Kamera wechselte und mit ihren lyrischen Modefotografien internationalen Ruhm erlangte.');
INSERT INTO news(id, submittedon, title, newstext) VALUES (8, '2013-07-08 00:00:00.000', 'Pacific Rim (Kinostart: 18. Juli 2013)', 'Fremdartige und monstroese Kreaturen, die als Kaiju bekannt sind und aus den Tiefen des Pazifischen Ozeans emporsteigen, haben in einem Krieg bereits Millionen Menschenleben gefordert. Sogar eine Atombombe konnte die ausserirdischen Wesen nicht stoppen. Um die Kaiju zu besiegen, entwickelten zwei Wissenschaftler ueberdimensionale Roboter, die "Jaeger", welche von zwei Piloten durch eine neurale Bruecke gesteuert werden. Doch selbst die Jaeger scheinen nicht gegen die ausserirdische Macht anzukommen. Mit ihren letzten beiden Verteidigern, dem abgehalfterten Ex-Piloten Raleigh Becket (Charlie Hunnam) und der unerfahrenen Novizin Mako Mori (Rinko Kikuchi) holt die Menschheit zum alles entscheidenden Schlag gegen die Kaiju aus. Mit Unterstuetzung von Makos Adoptivvater, dem legendaeren britischen Jaeger-Piloten Stacker Pentecost (Idris Elba), begibt sich das ungleiche Duo auf die gefaehrliche Mission, um die Menschheit vor dem Ende zu bewahren.');
INSERT INTO news(id, submittedon, title, newstext) VALUES (9, '2013-07-08 00:00:00.000', 'Wolverine: Weg des Kriegers  (Kinostart: 08. August 2013)', 'Logan (Hugh Jackman), auch bekannt als der Mutant Wolverine, wird unter zwielichtigen Umstaenden nach Japan gelockt, welches er seit dem zweiten Weltkrieg nicht mehr betreten hat. In einer Welt von Smaurai und Yakuza findet er sich unerwartet auf der Flucht mit einer ebenso schoenen wie mysterioesen Erbin wieder. Zum ersten Mal wird er mit der Aussicht auf Sterblichkeit konfrontiert, in einer Zeit in der er an seine emotionalen und physischen Grenzen gedrueckt wird. Er ist nicht nur gezwungen gegen den uebermaechtigen Gegner und seinen groessten Erzfeind, Silver Samurai (Will Yun Lee), anzukaempfen, sondern auch gegen die Schatten seiner Vergangenheit. Waehrend er versucht seinen Gegner trotz des toedlichen Samurai-Stahls zu besiegen muss er gleichzeitig einen eigenen inneren Kampf gegen seine Existenz als Mutant ausfechten. Doch an jedem aussichtslos erscheinenden Problem waechst er und wird dadurch letztendlich staerker als jemals zuvor.');
INSERT INTO news(id, submittedon, title, newstext) VALUES (10, '2013-07-09 00:00:00.000', 'Veronica Mars', 'Veronica Mars kehrt gross zurueck: Vom Fernseher schafft sie den Sprung auf die Leinwand. Die TV-Serie, die es nur auf drei Staffeln schaffte, handelt von der Teenagerin Veronica Mars, die tagsueber die Schulbank drueckt und nachts als Detektivin arbeitet. Dank einer deer erfolgreichsten Kickstarter-Kampagnen konnte nun dank der Unterstuetzung von mehr als 90000 Fans ein Film produziert werden, der im Maerz 2014 in die Kinos kommen wird.');
INSERT INTO employee(id, firstname, lastname, username, passwordhash, isadmin, wrongPasswordCounter) VALUES(1,'Marvin', 'Jones', 'marvin', '$2a$10$8WiKEL99icp/o/yRZkjCSO1aTLS/S4KJ5blSm9nq90fre82lBamnK', true, 0);
INSERT INTO employee(id, firstname, lastname, username, passwordhash, isadmin, wrongPasswordCounter) VALUES(2,'Manuela', 'Oster', 'm.oster', '$2a$10$8WiKEL99icp/o/yRZkjCSO1aTLS/S4KJ5blSm9nq90fre82lBamnK', false, 0);
INSERT INTO employee(id, firstname, lastname, username, passwordhash, isadmin, wrongPasswordCounter) VALUES(3,'Jennifer', 'Fuerst', 'j.fuerst', '$2a$10$8WiKEL99icp/o/yRZkjCSO1aTLS/S4KJ5blSm9nq90fre82lBamnK', true, 1);
INSERT INTO employee(id, firstname, lastname, username, passwordhash, isadmin, wrongPasswordCounter) VALUES(4,'Janina', 'Scholz', 'j.scholz', '$2a$10$8WiKEL99icp/o/yRZkjCSO1aTLS/S4KJ5blSm9nq90fre82lBamnK', false, 4);
INSERT INTO employee(id, firstname, lastname, username, passwordhash, isadmin, wrongPasswordCounter) VALUES(5,'Jakob', 'Scholz', 'ja.scholz', '$2a$10$8WiKEL99icp/o/yRZkjCSO1aTLS/S4KJ5blSm9nq90fre82lBamnK', false, 0);
INSERT INTO newsread(employee_id,news_id) VALUES (1,1);
INSERT INTO newsread(employee_id,news_id) VALUES (1,2);
INSERT INTO newsread(employee_id,news_id) VALUES (1,3);
INSERT INTO newsread(employee_id,news_id) VALUES (1,4);
INSERT INTO newsread(employee_id,news_id) VALUES (1,5);
INSERT INTO newsread(employee_id,news_id) VALUES (1,6);
INSERT INTO newsread(employee_id,news_id) VALUES (1,7);
INSERT INTO newsread(employee_id,news_id) VALUES (1,8);
INSERT INTO newsread(employee_id,news_id) VALUES (1,9);
INSERT INTO newsread(employee_id,news_id) VALUES (2,1);
INSERT INTO newsread(employee_id,news_id) VALUES (2,2);
INSERT INTO newsread(employee_id,news_id) VALUES (2,3);
INSERT INTO newsread(employee_id,news_id) VALUES (2,4);
INSERT INTO newsread(employee_id,news_id) VALUES (2,5);
INSERT INTO newsread(employee_id,news_id) VALUES (2,6);
INSERT INTO newsread(employee_id,news_id) VALUES (2,7);
INSERT INTO newsread(employee_id,news_id) VALUES (2,8);
INSERT INTO newsread(employee_id,news_id) VALUES (2,9);
INSERT INTO newsread(employee_id,news_id) VALUES (2,10);
INSERT INTO newsread(employee_id,news_id) VALUES (4,1);
INSERT INTO newsread(employee_id,news_id) VALUES (4,2);
INSERT INTO newsread(employee_id,news_id) VALUES (4,3);
INSERT INTO newsread(employee_id,news_id) VALUES (5,3);
INSERT INTO customer(id, firstname, lastname, city, country, dateofbirth, points) VALUES (1, 'Max', 'Muster', 'Berlin', 'Deutschland', '1990-01-16', 2);
INSERT INTO customer(id, firstname, lastname, city, country, dateofbirth, points) VALUES (2, 'Theodor', 'Tester', 'Bremen', 'Deutschland', '1994-04-11', 4);
INSERT INTO customer(id, firstname, lastname, city, country, dateofbirth, points) VALUES (3, 'Maria', 'Meisner', 'Frankfurt', 'Deutschland', '1970-05-21', 6);
INSERT INTO location(id,city,country,description,postalcode,street) VALUES (1,'Voesendorf','Oesterreich','SCS','2334','SCS-Strasse');
INSERT INTO location(id,city,country,description,postalcode,street) VALUES (2,'Unterpremstaetten','Oesterreich','Schwarzlsee','8141',null);
INSERT INTO location(id,city,country,description,postalcode,street) VALUES (3,'Wien','Oesterreich','Flex','1010','Augartenbruecke 1');
INSERT INTO location(id,city,country,description,postalcode,street) VALUES (4,'Wien','Oesterreich','Pratersauna','1020','Waldsteingartenstrasse 135');
INSERT INTO location(id,city,country,description,postalcode,street) VALUES (5,'Wien','Oesterreich','Lugner Kino City','1150','Gablenzgasse 3');
INSERT INTO location(id,city,country,description,postalcode,street) VALUES (6,'Wien','Oesterreich','Burgtheater','1010','Universitaetsring 2');
INSERT INTO location(id,city,country,description,postalcode,street) VALUES (7,'Berlin','Deutschland','Stadion An der Alten Foersterei','12555','An der Wuhlheide 263');
INSERT INTO location(id,city,country,description,postalcode,street) VALUES (8,'Wien','Oesterreich','Wiener Staatsoper','1010','Opernring 2');
INSERT INTO performance(id,description,content,durationinminutes,performancetype) VALUES (1,'Godzilla','Als bei einem angeblichen Routine-Einsatz am Arbeitsplatz des Ehepaars Brody etwas schiefgeht und Joe Brodys (Bryan Cranston) Ehefrau ums Leben kommt, beginnt dieser unbequeme Fragen zu stellen: Was geht in dem Labor, in dem er arbeitet, vor sich? Auch die seltsamen Vorfaelle und Verwuestungen in der Umgebung, die die Regierung als Folgen von Naturkatastrophen ausgibt, lassen Joe keine Ruhe. Er glaubt, dass es sich um Vertuschungsaktionen handelt, um den wahren Verursacher der Schaeden zu verheimlichen: Das gigantische, radioaktive Monster Godzilla...',125,'Film');
INSERT INTO performance(id,description,content,durationinminutes,performancetype) VALUES (2,'X-Men: Zukunft ist Vergangenheit','Die Anfuehrer der rivalisierenden Mutanten-Gruppen Professor X und Magneto stellen fest, dass sie nach Jahren des Kampfes gegeneinander, zusammenarbeiten muessen, um die Zukunft der Mutanten und der Welt zu sichern. Und nicht nur das: Sie brauchen auch die Hilfe der jungen Varianten ihrer Selbst, wenn sie Fehler in der Vergangenheit korrigieren wollen. Bryan Singer kehrt zum von ihm mit X-Men im Jahr 2000 initiierten Franchise um die populaeren Comic-Helden zurueck und fuehrt in einer spannenden, als Ultimate X-Men gelabelten Story die Protagonisten aus den ersten Filmen mit ihren juengeren Alter Egos aus Erste Entscheidung zusammen',135,'Film');
INSERT INTO performance(id,description,content,durationinminutes,performancetype) VALUES (3,'Koenig Lear','Shakespeares duesteres Trauerspiel, das nicht nur seine Zeitgenossen verstoerte, wurde 1605 in London uraufgefuehrt. Zum 70. Geburtstag Klaus Maria Brandauers inszeniert Peter Stein dieses literarische und theatrale Elementarereignis, eine Tragoedie, an deren Schluss – wie Jan Kott es formulierte – nur die blutige und leere Erde zurueckbleibt.',255,'Theaterstueck');
INSERT INTO performance(id,description,content,durationinminutes,performancetype) VALUES (4,'This is it!','Michael Jacksons letzte Tour',100,'Konzert');
INSERT INTO performance(id,description,content,durationinminutes,performancetype) VALUES (5,'Die Zauberfloete','Wolfgang Amadeus Mozarts berzuehmte Oper bietet eine Reihe von interpretatorischen Sichtweisen: Es kann als maerchenhaftes Zauberspiel oder als mystisches Symbolwerk verstanden werden, als ewige Auseinandersetzung von Gut und Boese oder als humanistische Botschaft. Uraufgefuehrt 1791 im Freihaustheater auf der Wieden zaehlt das Werk zu den meistgespielten Opern im internationalen Repertoire und kann gerade durch den Dualismus von scheinbarer Einfachheit und musikalisch tiefem Ausdruck stets aufs Neue faszinieren. An der Wiener Staatsoper wurde Die Zauberfloete bisher seit der Eroeffnung 1869 mehr als 1000 Mal gegeben und kann somit auf eine reichhaltige kuenstlerische Tradition zurueckblicken.',180,'Oper');
INSERT INTO artist(id, firstname, lastname) VALUES (1,'Gareth','Edwards');
INSERT INTO artist(id, firstname, lastname) VALUES (2,'Juliette','Binoche');
INSERT INTO artist(id, firstname, lastname) VALUES (3,'Bryan','Cranston');
INSERT INTO artist(id, firstname, lastname) VALUES (4,'Bryan','Singer');
INSERT INTO artist(id, firstname, lastname) VALUES (5,'Anna','Paquin');
INSERT INTO artist(id, firstname, lastname) VALUES (6,'Hugh','Jackman');
INSERT INTO artist(id, firstname, lastname) VALUES (7,'Halle','Berry');
INSERT INTO artist(id, firstname, lastname) VALUES (8,'Klaus','Brandauer');
INSERT INTO artist(id, firstname, lastname) VALUES (9,'Michael','Jackson');
INSERT INTO participation(artist_id,performance_id) VALUES(1,1);
INSERT INTO participation(artist_id,performance_id) VALUES(2,1);
INSERT INTO participation(artist_id,performance_id) VALUES(3,1);
INSERT INTO participation(artist_id,performance_id) VALUES(4,2);
INSERT INTO participation(artist_id,performance_id) VALUES(5,2);
INSERT INTO participation(artist_id,performance_id) VALUES(6,2);
INSERT INTO participation(artist_id,performance_id) VALUES(7,2);
INSERT INTO participation(artist_id,performance_id) VALUES(8,3);
INSERT INTO participation(artist_id,performance_id) VALUES(9,4);
INSERT INTO show(id,dateofperformance,priceincent,room,location_id,performance_id) VALUES (1, '2014-05-19 21:00:00.000',1500,'1',1,1);
INSERT INTO show(id,dateofperformance,priceincent,room,location_id,performance_id) VALUES (2, '2014-05-19 15:00:00.000',1500,'1',1,1);
INSERT INTO show(id,dateofperformance,priceincent,room,location_id,performance_id) VALUES (3, '2014-05-19 21:00:00.000',1500,'1',5,1);
INSERT INTO show(id,dateofperformance,priceincent,room,location_id,performance_id) VALUES (4, '2014-05-19 15:00:00.000',1500,'1',5,1);
INSERT INTO show(id,dateofperformance,priceincent,room,location_id,performance_id) VALUES (5, '2014-05-19 21:00:00.000',1500,'2',1,2);
INSERT INTO show(id,dateofperformance,priceincent,room,location_id,performance_id) VALUES (6, '2014-05-19 15:00:00.000',1500,'2',1,2);
INSERT INTO show(id,dateofperformance,priceincent,room,location_id,performance_id) VALUES (7, '2014-05-19 21:00:00.000',1500,'2',5,2);
INSERT INTO show(id,dateofperformance,priceincent,room,location_id,performance_id) VALUES (8, '2014-05-19 15:00:00.000',1500,'2',5,2);
INSERT INTO show(id,dateofperformance,priceincent,room,location_id,performance_id) VALUES (9, '2014-05-19 21:00:00.000',1500,'1',1,1);
INSERT INTO show(id,dateofperformance,priceincent,room,location_id,performance_id) VALUES (10, '2014-05-21 15:00:00.000',1500,'1',1,1);
INSERT INTO show(id,dateofperformance,priceincent,room,location_id,performance_id) VALUES (11, '2014-05-21 21:00:00.000',1500,'1',5,1);
INSERT INTO show(id,dateofperformance,priceincent,room,location_id,performance_id) VALUES (12, '2014-05-21 15:00:00.000',1500,'1',5,1);
INSERT INTO show(id,dateofperformance,priceincent,room,location_id,performance_id) VALUES (13, '2014-05-21 21:00:00.000',1500,'2',1,2);
INSERT INTO show(id,dateofperformance,priceincent,room,location_id,performance_id) VALUES (14, '2014-05-21 15:00:00.000',1500,'2',1,2);
INSERT INTO show(id,dateofperformance,priceincent,room,location_id,performance_id) VALUES (15, '2014-05-21 21:00:00.000',1500,'2',5,2);
INSERT INTO show(id,dateofperformance,priceincent,room,location_id,performance_id) VALUES (16, '2014-05-21 15:00:00.000',1500,'2',5,2);
INSERT INTO show(id,dateofperformance,priceincent,room,location_id,performance_id) VALUES (17, '2014-05-26 18:00:00.000',10000,'Burgtheater',6,3);
INSERT INTO show(id,dateofperformance,priceincent,room,location_id,performance_id) VALUES (18, '2014-06-16 18:00:00.000',10000,'Burgtheater',6,3);
INSERT INTO show(id,dateofperformance,priceincent,room,location_id,performance_id) VALUES (19, '2014-05-26 20:15:00.000',1500,'Imaginary Room Nr.5',3,4);
INSERT INTO show(id,dateofperformance,priceincent,room,location_id,performance_id) VALUES (20, '2014-06-07 19:00:00.000',10000,'Wiener Staatsoper',7,5);
INSERT INTO row(id,sequence,show_id) VALUES (1,1,1);
INSERT INTO row(id,sequence,show_id) VALUES (2,2,1);
INSERT INTO row(id,sequence,show_id) VALUES (3,3,1);
INSERT INTO row(id,sequence,show_id) VALUES (4,1,2);
INSERT INTO row(id,sequence,show_id) VALUES (5,2,2);
INSERT INTO row(id,sequence,show_id) VALUES (6,3,2);
INSERT INTO row(id,sequence,show_id) VALUES (7,1,3);
INSERT INTO row(id,sequence,show_id) VALUES (8,2,3);
INSERT INTO row(id,sequence,show_id) VALUES (9,3,3);
INSERT INTO row(id,sequence,show_id) VALUES (10,1,4);
INSERT INTO row(id,sequence,show_id) VALUES (11,2,4);
INSERT INTO row(id,sequence,show_id) VALUES (12,3,4);
INSERT INTO row(id,sequence,show_id) VALUES (13,1,5);
INSERT INTO row(id,sequence,show_id) VALUES (14,2,5);
INSERT INTO row(id,sequence,show_id) VALUES (15,3,5);
INSERT INTO row(id,sequence,show_id) VALUES (16,1,6);
INSERT INTO row(id,sequence,show_id) VALUES (17,2,6);
INSERT INTO row(id,sequence,show_id) VALUES (18,3,6);
INSERT INTO row(id,sequence,show_id) VALUES (19,1,7);
INSERT INTO row(id,sequence,show_id) VALUES (20,2,7);
INSERT INTO row(id,sequence,show_id) VALUES (21,3,7);
INSERT INTO row(id,sequence,show_id) VALUES (22,1,8);
INSERT INTO row(id,sequence,show_id) VALUES (23,2,8);
INSERT INTO row(id,sequence,show_id) VALUES (24,3,8);
INSERT INTO row(id,sequence,show_id) VALUES (25,1,9);
INSERT INTO row(id,sequence,show_id) VALUES (26,2,9);
INSERT INTO row(id,sequence,show_id) VALUES (27,3,9);
INSERT INTO row(id,sequence,show_id) VALUES (28,1,10);
INSERT INTO row(id,sequence,show_id) VALUES (29,2,10);
INSERT INTO row(id,sequence,show_id) VALUES (30,3,10);
INSERT INTO row(id,sequence,show_id) VALUES (31,1,11);
INSERT INTO row(id,sequence,show_id) VALUES (32,2,11);
INSERT INTO row(id,sequence,show_id) VALUES (33,3,11);
INSERT INTO row(id,sequence,show_id) VALUES (34,1,12);
INSERT INTO row(id,sequence,show_id) VALUES (35,2,12);
INSERT INTO row(id,sequence,show_id) VALUES (36,3,12);
INSERT INTO row(id,sequence,show_id) VALUES (37,1,13);
INSERT INTO row(id,sequence,show_id) VALUES (38,2,13);
INSERT INTO row(id,sequence,show_id) VALUES (39,3,13);
INSERT INTO row(id,sequence,show_id) VALUES (40,1,14);
INSERT INTO row(id,sequence,show_id) VALUES (41,2,14);
INSERT INTO row(id,sequence,show_id) VALUES (42,3,14);
INSERT INTO row(id,sequence,show_id) VALUES (43,1,15);
INSERT INTO row(id,sequence,show_id) VALUES (44,2,15);
INSERT INTO row(id,sequence,show_id) VALUES (45,3,15);
INSERT INTO row(id,sequence,show_id) VALUES (46,1,16);
INSERT INTO row(id,sequence,show_id) VALUES (47,2,16);
INSERT INTO row(id,sequence,show_id) VALUES (48,3,16);
INSERT INTO row(id,sequence,show_id) VALUES (49,1,17);
INSERT INTO row(id,sequence,show_id) VALUES (50,2,17);
INSERT INTO row(id,sequence,show_id) VALUES (51,3,17);
INSERT INTO row(id,sequence,show_id) VALUES (52,1,18);
INSERT INTO row(id,sequence,show_id) VALUES (53,2,18);
INSERT INTO row(id,sequence,show_id) VALUES (54,3,18);
INSERT INTO row(id,sequence,show_id) VALUES (55,1,20);
INSERT INTO row(id,sequence,show_id) VALUES (56,2,20);
INSERT INTO row(id,sequence,show_id) VALUES (57,3,20);
INSERT INTO ticket(id,show_id) VALUES (1,null);
INSERT INTO ticket(id,show_id) VALUES (2,null);
INSERT INTO ticket(id,show_id) VALUES (3,null);
INSERT INTO ticket(id,show_id) VALUES (4,null);
INSERT INTO ticket(id,show_id) VALUES (5,null);
INSERT INTO ticket(id,show_id) VALUES (6,null);
INSERT INTO ticket(id,show_id) VALUES (7,null);
INSERT INTO ticket(id,show_id) VALUES (8,null);
INSERT INTO ticket(id,show_id) VALUES (9,null);
INSERT INTO ticket(id,show_id) VALUES (10,null);
INSERT INTO seat(id,sequence,row_id,ticket_id) VALUES (1,1,1,1);
INSERT INTO seat(id,sequence,row_id,ticket_id) VALUES (2,2,1,2);
INSERT INTO seat(id,sequence,row_id,ticket_id) VALUES (3,3,1,3);
INSERT INTO seat(id,sequence,row_id,ticket_id) VALUES (4,1,2,4);
INSERT INTO seat(id,sequence,row_id,ticket_id) VALUES (5,2,2,5);
INSERT INTO seat(id,sequence,row_id,ticket_id) VALUES (6,3,2,6);
INSERT INTO seat(id,sequence,row_id,ticket_id) VALUES (7,1,3,7);
INSERT INTO seat(id,sequence,row_id,ticket_id) VALUES (8,2,3,8);
INSERT INTO seat(id,sequence,row_id,ticket_id) VALUES (9,3,3,9);
INSERT INTO seat(id,sequence,row_id,ticket_id) VALUES (10,1,4,10);
INSERT INTO seat(id,sequence,row_id,ticket_id) VALUES (11,2,4,null);
INSERT INTO seat(id,sequence,row_id,ticket_id) VALUES (12,3,4,null);
INSERT INTO seat(id,sequence,row_id,ticket_id) VALUES (13,1,5,null);
INSERT INTO seat(id,sequence,row_id,ticket_id) VALUES (14,2,5,null);
INSERT INTO seat(id,sequence,row_id,ticket_id) VALUES (15,3,5,null);
INSERT INTO seat(id,sequence,row_id,ticket_id) VALUES (16,1,6,null);
INSERT INTO seat(id,sequence,row_id,ticket_id) VALUES (17,2,6,null);
INSERT INTO seat(id,sequence,row_id,ticket_id) VALUES (18,3,6,null);
INSERT INTO seat(id,sequence,row_id,ticket_id) VALUES (19,1,7,null);
INSERT INTO seat(id,sequence,row_id,ticket_id) VALUES (20,2,7,null);
INSERT INTO seat(id,sequence,row_id,ticket_id) VALUES (21,3,7,null);
INSERT INTO seat(id,sequence,row_id,ticket_id) VALUES (22,1,8,null);
INSERT INTO seat(id,sequence,row_id,ticket_id) VALUES (23,2,8,null);
INSERT INTO seat(id,sequence,row_id,ticket_id) VALUES (24,3,8,null);
INSERT INTO seat(id,sequence,row_id,ticket_id) VALUES (25,1,9,null);
INSERT INTO seat(id,sequence,row_id,ticket_id) VALUES (26,2,9,null);
INSERT INTO seat(id,sequence,row_id,ticket_id) VALUES (27,3,9,null);
INSERT INTO seat(id,sequence,row_id,ticket_id) VALUES (28,1,10,null);
INSERT INTO seat(id,sequence,row_id,ticket_id) VALUES (29,2,10,null);
INSERT INTO seat(id,sequence,row_id,ticket_id) VALUES (30,3,10,null);
INSERT INTO seat(id,sequence,row_id,ticket_id) VALUES (31,1,11,null);
INSERT INTO seat(id,sequence,row_id,ticket_id) VALUES (32,2,11,null);
INSERT INTO seat(id,sequence,row_id,ticket_id) VALUES (33,3,11,null);
INSERT INTO seat(id,sequence,row_id,ticket_id) VALUES (34,1,12,null);
INSERT INTO seat(id,sequence,row_id,ticket_id) VALUES (35,2,12,null);
INSERT INTO seat(id,sequence,row_id,ticket_id) VALUES (36,3,12,null);
INSERT INTO seat(id,sequence,row_id,ticket_id) VALUES (37,1,13,null);
INSERT INTO seat(id,sequence,row_id,ticket_id) VALUES (38,2,13,null);
INSERT INTO seat(id,sequence,row_id,ticket_id) VALUES (39,3,13,null);
INSERT INTO seat(id,sequence,row_id,ticket_id) VALUES (40,1,14,null);
INSERT INTO seat(id,sequence,row_id,ticket_id) VALUES (41,2,14,null);
INSERT INTO seat(id,sequence,row_id,ticket_id) VALUES (42,3,14,null);
INSERT INTO seat(id,sequence,row_id,ticket_id) VALUES (43,1,15,null);
INSERT INTO seat(id,sequence,row_id,ticket_id) VALUES (44,2,15,null);
INSERT INTO seat(id,sequence,row_id,ticket_id) VALUES (45,3,15,null);
INSERT INTO seat(id,sequence,row_id,ticket_id) VALUES (46,1,16,null);
INSERT INTO seat(id,sequence,row_id,ticket_id) VALUES (47,2,16,null);
INSERT INTO seat(id,sequence,row_id,ticket_id) VALUES (48,3,16,null);
INSERT INTO seat(id,sequence,row_id,ticket_id) VALUES (49,1,17,null);
INSERT INTO seat(id,sequence,row_id,ticket_id) VALUES (50,2,17,null);
INSERT INTO seat(id,sequence,row_id,ticket_id) VALUES (51,3,17,null);
INSERT INTO seat(id,sequence,row_id,ticket_id) VALUES (52,1,18,null);
INSERT INTO seat(id,sequence,row_id,ticket_id) VALUES (53,2,18,null);
INSERT INTO seat(id,sequence,row_id,ticket_id) VALUES (54,3,18,null);
INSERT INTO seat(id,sequence,row_id,ticket_id) VALUES (55,1,19,null);
INSERT INTO seat(id,sequence,row_id,ticket_id) VALUES (56,2,19,null);
INSERT INTO seat(id,sequence,row_id,ticket_id) VALUES (57,3,19,null);
INSERT INTO seat(id,sequence,row_id,ticket_id) VALUES (58,1,20,null);
INSERT INTO seat(id,sequence,row_id,ticket_id) VALUES (59,2,20,null);
INSERT INTO seat(id,sequence,row_id,ticket_id) VALUES (60,3,20,null);
INSERT INTO seat(id,sequence,row_id,ticket_id) VALUES (61,1,21,null);
INSERT INTO seat(id,sequence,row_id,ticket_id) VALUES (62,2,21,null);
INSERT INTO seat(id,sequence,row_id,ticket_id) VALUES (63,3,21,null);
INSERT INTO seat(id,sequence,row_id,ticket_id) VALUES (64,1,22,null);
INSERT INTO seat(id,sequence,row_id,ticket_id) VALUES (65,2,22,null);
INSERT INTO seat(id,sequence,row_id,ticket_id) VALUES (66,3,22,null);
INSERT INTO seat(id,sequence,row_id,ticket_id) VALUES (67,1,23,null);
INSERT INTO seat(id,sequence,row_id,ticket_id) VALUES (68,2,23,null);
INSERT INTO seat(id,sequence,row_id,ticket_id) VALUES (69,3,23,null);
INSERT INTO seat(id,sequence,row_id,ticket_id) VALUES (70,1,24,null);
INSERT INTO seat(id,sequence,row_id,ticket_id) VALUES (71,2,24,null);
INSERT INTO seat(id,sequence,row_id,ticket_id) VALUES (72,3,24,null);
INSERT INTO seat(id,sequence,row_id,ticket_id) VALUES (73,1,25,null);
INSERT INTO seat(id,sequence,row_id,ticket_id) VALUES (74,2,25,null);
INSERT INTO seat(id,sequence,row_id,ticket_id) VALUES (75,3,25,null);
INSERT INTO seat(id,sequence,row_id,ticket_id) VALUES (76,1,26,null);
INSERT INTO seat(id,sequence,row_id,ticket_id) VALUES (77,2,26,null);
INSERT INTO seat(id,sequence,row_id,ticket_id) VALUES (78,3,26,null);
INSERT INTO seat(id,sequence,row_id,ticket_id) VALUES (79,1,27,null);
INSERT INTO seat(id,sequence,row_id,ticket_id) VALUES (80,2,27,null);
INSERT INTO seat(id,sequence,row_id,ticket_id) VALUES (81,3,27,null);
INSERT INTO seat(id,sequence,row_id,ticket_id) VALUES (82,1,28,null);
INSERT INTO seat(id,sequence,row_id,ticket_id) VALUES (83,2,28,null);
INSERT INTO seat(id,sequence,row_id,ticket_id) VALUES (84,3,28,null);
INSERT INTO seat(id,sequence,row_id,ticket_id) VALUES (85,1,29,null);
INSERT INTO seat(id,sequence,row_id,ticket_id) VALUES (86,2,29,null);
INSERT INTO seat(id,sequence,row_id,ticket_id) VALUES (87,3,29,null);
INSERT INTO seat(id,sequence,row_id,ticket_id) VALUES (88,1,30,null);
INSERT INTO seat(id,sequence,row_id,ticket_id) VALUES (89,2,30,null);
INSERT INTO seat(id,sequence,row_id,ticket_id) VALUES (90,3,30,null);
INSERT INTO seat(id,sequence,row_id,ticket_id) VALUES (91,1,31,null);
INSERT INTO seat(id,sequence,row_id,ticket_id) VALUES (92,2,31,null);
INSERT INTO seat(id,sequence,row_id,ticket_id) VALUES (93,3,31,null);
INSERT INTO seat(id,sequence,row_id,ticket_id) VALUES (94,1,32,null);
INSERT INTO seat(id,sequence,row_id,ticket_id) VALUES (95,2,32,null);
INSERT INTO seat(id,sequence,row_id,ticket_id) VALUES (96,3,32,null);
INSERT INTO seat(id,sequence,row_id,ticket_id) VALUES (97,1,33,null);
INSERT INTO seat(id,sequence,row_id,ticket_id) VALUES (98,2,33,null);
INSERT INTO seat(id,sequence,row_id,ticket_id) VALUES (99,3,33,null);
INSERT INTO seat(id,sequence,row_id,ticket_id) VALUES (100,1,34,null);
INSERT INTO seat(id,sequence,row_id,ticket_id) VALUES (101,2,34,null);
INSERT INTO seat(id,sequence,row_id,ticket_id) VALUES (102,3,34,null);
INSERT INTO seat(id,sequence,row_id,ticket_id) VALUES (103,1,35,null);
INSERT INTO seat(id,sequence,row_id,ticket_id) VALUES (104,2,35,null);
INSERT INTO seat(id,sequence,row_id,ticket_id) VALUES (105,3,35,null);
INSERT INTO seat(id,sequence,row_id,ticket_id) VALUES (106,1,36,null);
INSERT INTO seat(id,sequence,row_id,ticket_id) VALUES (107,2,36,null);
INSERT INTO seat(id,sequence,row_id,ticket_id) VALUES (108,3,36,null);
INSERT INTO seat(id,sequence,row_id,ticket_id) VALUES (109,1,37,null);
INSERT INTO seat(id,sequence,row_id,ticket_id) VALUES (110,2,37,null);
INSERT INTO seat(id,sequence,row_id,ticket_id) VALUES (111,3,37,null);
INSERT INTO seat(id,sequence,row_id,ticket_id) VALUES (112,1,38,null);
INSERT INTO seat(id,sequence,row_id,ticket_id) VALUES (113,2,38,null);
INSERT INTO seat(id,sequence,row_id,ticket_id) VALUES (114,3,38,null);
INSERT INTO seat(id,sequence,row_id,ticket_id) VALUES (115,1,39,null);
INSERT INTO seat(id,sequence,row_id,ticket_id) VALUES (116,2,39,null);
INSERT INTO seat(id,sequence,row_id,ticket_id) VALUES (117,3,39,null);
INSERT INTO seat(id,sequence,row_id,ticket_id) VALUES (118,1,40,null);
INSERT INTO seat(id,sequence,row_id,ticket_id) VALUES (119,2,40,null);
INSERT INTO seat(id,sequence,row_id,ticket_id) VALUES (120,3,40,null);
INSERT INTO seat(id,sequence,row_id,ticket_id) VALUES (121,1,41,null);
INSERT INTO seat(id,sequence,row_id,ticket_id) VALUES (122,2,41,null);
INSERT INTO seat(id,sequence,row_id,ticket_id) VALUES (123,3,41,null);
INSERT INTO seat(id,sequence,row_id,ticket_id) VALUES (124,1,42,null);
INSERT INTO seat(id,sequence,row_id,ticket_id) VALUES (125,2,42,null);
INSERT INTO seat(id,sequence,row_id,ticket_id) VALUES (126,3,42,null);
INSERT INTO seat(id,sequence,row_id,ticket_id) VALUES (127,1,43,null);
INSERT INTO seat(id,sequence,row_id,ticket_id) VALUES (128,2,43,null);
INSERT INTO seat(id,sequence,row_id,ticket_id) VALUES (129,3,43,null);
INSERT INTO seat(id,sequence,row_id,ticket_id) VALUES (130,1,44,null);
INSERT INTO seat(id,sequence,row_id,ticket_id) VALUES (131,2,44,null);
INSERT INTO seat(id,sequence,row_id,ticket_id) VALUES (132,3,44,null);
INSERT INTO seat(id,sequence,row_id,ticket_id) VALUES (133,1,45,null);
INSERT INTO seat(id,sequence,row_id,ticket_id) VALUES (134,2,45,null);
INSERT INTO seat(id,sequence,row_id,ticket_id) VALUES (135,3,45,null);
INSERT INTO seat(id,sequence,row_id,ticket_id) VALUES (136,1,46,null);
INSERT INTO seat(id,sequence,row_id,ticket_id) VALUES (137,2,46,null);
INSERT INTO seat(id,sequence,row_id,ticket_id) VALUES (138,3,46,null);
INSERT INTO seat(id,sequence,row_id,ticket_id) VALUES (139,1,47,null);
INSERT INTO seat(id,sequence,row_id,ticket_id) VALUES (140,2,47,null);
INSERT INTO seat(id,sequence,row_id,ticket_id) VALUES (141,3,47,null);
INSERT INTO seat(id,sequence,row_id,ticket_id) VALUES (142,1,48,null);
INSERT INTO seat(id,sequence,row_id,ticket_id) VALUES (143,2,48,null);
INSERT INTO seat(id,sequence,row_id,ticket_id) VALUES (144,3,48,null);
INSERT INTO seat(id,sequence,row_id,ticket_id) VALUES (145,1,49,null);
INSERT INTO seat(id,sequence,row_id,ticket_id) VALUES (146,2,49,null);
INSERT INTO seat(id,sequence,row_id,ticket_id) VALUES (147,3,49,null);
INSERT INTO seat(id,sequence,row_id,ticket_id) VALUES (148,1,50,null);
INSERT INTO seat(id,sequence,row_id,ticket_id) VALUES (149,2,50,null);
INSERT INTO seat(id,sequence,row_id,ticket_id) VALUES (150,3,50,null);
INSERT INTO seat(id,sequence,row_id,ticket_id) VALUES (151,1,51,null);
INSERT INTO seat(id,sequence,row_id,ticket_id) VALUES (152,2,51,null);
INSERT INTO seat(id,sequence,row_id,ticket_id) VALUES (153,3,51,null);
INSERT INTO seat(id,sequence,row_id,ticket_id) VALUES (154,1,52,null);
INSERT INTO seat(id,sequence,row_id,ticket_id) VALUES (155,2,52,null);
INSERT INTO seat(id,sequence,row_id,ticket_id) VALUES (156,3,52,null);
INSERT INTO seat(id,sequence,row_id,ticket_id) VALUES (157,1,53,null);
INSERT INTO seat(id,sequence,row_id,ticket_id) VALUES (158,2,53,null);
INSERT INTO seat(id,sequence,row_id,ticket_id) VALUES (159,3,53,null);
INSERT INTO seat(id,sequence,row_id,ticket_id) VALUES (160,1,54,null);
INSERT INTO seat(id,sequence,row_id,ticket_id) VALUES (161,2,54,null);
INSERT INTO seat(id,sequence,row_id,ticket_id) VALUES (162,3,54,null);
INSERT INTO seat(id,sequence,row_id,ticket_id) VALUES (163,1,55,null);
INSERT INTO seat(id,sequence,row_id,ticket_id) VALUES (164,2,55,null);
INSERT INTO seat(id,sequence,row_id,ticket_id) VALUES (165,3,55,null);
INSERT INTO seat(id,sequence,row_id,ticket_id) VALUES (166,1,56,null);
INSERT INTO seat(id,sequence,row_id,ticket_id) VALUES (167,2,56,null);
INSERT INTO seat(id,sequence,row_id,ticket_id) VALUES (168,3,56,null);
INSERT INTO seat(id,sequence,row_id,ticket_id) VALUES (169,1,57,null);
INSERT INTO seat(id,sequence,row_id,ticket_id) VALUES (170,2,57,null);
INSERT INTO seat(id,sequence,row_id,ticket_id) VALUES (171,3,57,null);
INSERT INTO article(id,description,name,priceincent,priceinpoints) VALUES (1,'Ein wundervoller Gozilla-Schluessenanhaenger','Gozilla-Schluessenanhaenger',500,500)
INSERT INTO article(id,description,name,priceincent,priceinpoints) VALUES (2,'Dieses Programmhaeft enthaelt alle Informationen zu dem Theaterstueck','Koenig Lear Programmheft',500,500)
INSERT INTO article(id,description,name,priceincent,priceinpoints) VALUES (3,'Dieses Programmhaeft enthaelt alle Informationen zu der Oper','Die Zauberfloete Programmheft',500,500)
INSERT INTO article(id,description,name,priceincent,priceinpoints) VALUES (4,null,'This is it! CD',500,500)
INSERT INTO articleforperformance(article_id,performance_id) VALUES (1,1);
INSERT INTO articleforperformance(article_id,performance_id) VALUES (2,3);
INSERT INTO articleforperformance(article_id,performance_id) VALUES (3,5);
INSERT INTO articleforperformance(article_id,performance_id) VALUES (4,4);
INSERT INTO basket(id,creationdate,customer_id) VALUES (1,'2014-02-15',1);
INSERT INTO basket(id,creationdate,customer_id) VALUES (2,'2014-03-17',2);
INSERT INTO basket(id,creationdate,customer_id) VALUES (3,'2014-04-20',3);
INSERT INTO receipt(id,transactiondate,paymenttype) VALUES (1,'2014-03-19 19:00:00.000',1);
INSERT INTO entry(id,amount,buywithpoints,sold,article_id,basket_id,receipt_id,ticket_id) VALUES (1,1000,FALSE,TRUE,NULL,1,NULL,1);
INSERT INTO entry(id,amount,buywithpoints,sold,article_id,basket_id,receipt_id,ticket_id) VALUES (2,1000,FALSE,FALSE,NULL,1,NULL,2);
INSERT INTO entry(id,amount,buywithpoints,sold,article_id,basket_id,receipt_id,ticket_id) VALUES (3,1000,FALSE,FALSE,NULL,1,NULL,3);
INSERT INTO entry(id,amount,buywithpoints,sold,article_id,basket_id,receipt_id,ticket_id) VALUES (4,1000,FALSE,FALSE,NULL,1,NULL,4);
INSERT INTO entry(id,amount,buywithpoints,sold,article_id,basket_id,receipt_id,ticket_id) VALUES (5,1000,FALSE,FALSE,NULL,1,NULL,5);
INSERT INTO entry(id,amount,buywithpoints,sold,article_id,basket_id,receipt_id,ticket_id) VALUES (6,1000,FALSE,FALSE,NULL,1,NULL,6);
INSERT INTO entry(id,amount,buywithpoints,sold,article_id,basket_id,receipt_id,ticket_id) VALUES (7,1000,FALSE,FALSE,NULL,1,NULL,7);
INSERT INTO entry(id,amount,buywithpoints,sold,article_id,basket_id,receipt_id,ticket_id) VALUES (8,1000,FALSE,FALSE,NULL,1,NULL,8);
INSERT INTO entry(id,amount,buywithpoints,sold,article_id,basket_id,receipt_id,ticket_id) VALUES (9,1000,FALSE,FALSE,NULL,1,NULL,9);
INSERT INTO entry(id,amount,buywithpoints,sold,article_id,basket_id,receipt_id,ticket_id) VALUES (10,1000,FALSE,FALSE,NULL,1,NULL,10);
INSERT INTO entry(id,amount,buywithpoints,sold,article_id,basket_id,receipt_id,ticket_id) VALUES (11,500,FALSE,FALSE,1,1,NULL,NULL);
COMMIT;
